query	target	pident	nident	alnlen	evalue	bits	mismatch	qcov	tcov	tstart	tend	taln
antigen_0|Q2G0X7|SSL3	NZ_CP132371.1_frame=3	97.100	346	356	4.801E-212	651	10	1.000	0.000	889780	890135	MNMKTIAKTSLALGLLTTGAITVTTQSVKAEKIQSTKVDKVPTLKAERLAMINITAGANSATTQAANTRQERTPKLEKAPNTNEEKTSASKIEKISQPKQEEQKSLNISAMPAPKQEQSQTTTESTTPKTKVTTPPSTNTPQPMQSTKSDTPQSPTIKQAQTDMTPKYEDLRAYYTKPSFEFEKQFGFLLKPWTTVRFMNVIPNRFIYKIALVGKDEKKYKDGPYDNIDVFIVLEDNKYQLKKYSVGGITKTNSKKVDHKAELSVTKKDNQGMISRDVSEYMITKEEISLKELDFKLRKQLIEKHNLYGNMGSGTIVIKMKNGGKYTFELHKKLQEHRMADVIEGTNIDKIEVNIK
antigen_0|Q2G0X7|SSL3	NZ_CP132371.1_frame=1	45.600	85	186	1.204E-46	172	101	0.522	0.000	889495	889680	LKAYYTQPSIEYKNVTGYISFIQPSIKFMNIIDGNSVNNLALIGKDKQHYHTGVHRNLNIFYVNEDKRFEGAKYSIGGITSANDKAVDLIAEARVIKADHIGEYDYDFFPFKIDKEAMSLKEIDFKLRKYLIDNYGLYGEMSTGKITVKKKYYGKYTFELDKKLQEDRMSDVINVTDIDRIEIKVR
antigen_0|Q2G0X7|SSL3	NZ_CP132371.1_frame=-1	28.300	51	180	5.067E-04	41	103	0.466	0.000	728376	728543	ELIKYYTQPHFSLSGKWLWQKPNGSIHATLQTWVWYSHIQVFGSE---SWGNINQLRNKYVDIFGTKDEDTV-----EGYWTYDETFTGGVTPAATSSDK---PYRLFLKYSDKQQTIIGGHEFYKGNKPVLTLKELDFRIRQTLIKNKKLYNGEFNKGQIKI-TADGNNYTIDLSKKLK
antigen_0|Q2G0X7|SSL3	NZ_CP132371.1_frame=-2	33.700	30	89	6.708E-04	41	56	0.247	0.000	728729	728815	GGVTPAATSNDKH-YKLNVTYKDKAETFTGGFPVYEGNKPVLTLKELDFRIRQTLIKSKKLYNNSYNKGQIKI-TGTDNNYTIDLSKRL
antigen_1|Q2G2Y0|SSL7	NZ_CP132371.1_frame=1	90.400	209	231	3.270E-131	411	22	1.000	0.000	891056	891286	MKLKTLAKATLALGLLTTGVITSEGQAVHAKEKQERVQHLYDIKDLYRYYSSESFEFSNISGKVENYNGSNVVRFNQEKQNHQLFLLGKDKDKYKKGLEGQNVFVVKELIDPNGRLSTVGGVTKKNNKSSETNTHLFVNKVYGGNLDASIDSFLINKEEVSLKELDFKIRKQLVEKYGLYKGTTKYGKITINLKDEKKEVIDLGDKLQFERMGDVLNSKDIQNIAVTINQI
antigen_1|Q2G2Y0|SSL7	NZ_CP132371.1_frame=3	53.400	124	232	4.800E-67	226	105	0.991	0.000	891400	891631	MKFTAIAKAIFVLGILTTSVMITENQSVNAKGKYEKMNRLYDTNKLHQYYSGPSYELTNVSGQSQGYYDSNVLLFNQQNQKFQVFLLGKDENKYKEKTHGLDVFAVPELVDLDGRIFSVSGVTKKNVKSIFESLRTPNLLVKKIDDKDGFSIDEFFFIQKEEVSLKELDFKIRKLLIKKYKLYEGSADKGRIVINMKDENKYEIDLSDKLDFERMADVINSEQIKNIEVNLK
antigen_1|Q2G2Y0|SSL7	NZ_CP132371.1_frame=-2	27.700	55	198	2.201E-06	48	129	0.818	0.000	728646	728838	NVNELTKYYSQKYLTFSN-STLWQKDNGTIHATLLQFSWYSHIQVYGPESWGNINQLRNKSVDIFGIKDQETIDSFALSQETFTGGVTP---AATSNDKHYKLNVTYKDKAETFTGGFPVYEGNKPVLTLKELDFRIRQTLIKSKKLYNNSYNKGQIKITGTD-NNYTIDLSKRLPSTDANRYVKKPQNAKIEVILEK
antigen_1|Q2G2Y0|SSL7	NZ_CP132371.1_frame=-3	30.300	24	79	1.716E-04	42	46	0.312	0.000	482845	482921	MVD*MKKTCMYGGVTEHDGNQIDKNN--STDNSHNILIKVYENERNSLSFDIPTNKKNITAQEIDYKVRNYLLKHKNLY
antigen_2|Q2G0X4|SSL11	NZ_CP132371.1_frame=1	75.300	171	227	3.348E-98	315	54	1.000	0.000	893477	893703	MKLKNIAKASLALGILTTGMITTTAQPVKASTLEVRSQATQDLSEYYKGRGFELTNVTGYKYGNKVTFIDNSQQIDVTLTGNEKLTVKDDDEVSNVDVFVVREGSDKSAITTSIGGITKTNGTQHKDTVQNVNLSVSKSTGQHTTSVTSEYYSIYKEEISLKELDFKLRKHLIDKHDLYKTEPKDSKIRITMKNGGYYTFELNKKLQPHRMGDTIDSRNIEKIEVNL
antigen_2|Q2G0X4|SSL11	NZ_CP132371.1_frame=3	48.100	115	239	3.867E-49	173	104	1.000	0.000	890672	890904	MKMAAIAKASLALGILATGTITSLHQTVNASEHEAKYENVTKDIFDLRDYYSGASKELKNVTGYRYSKGGK-----HYLIFDKNRKFTRVQIFGKDIERFKARKNPGLDIFVVKEAENRNGTVFSYGGVTKKNQDAYYDYINAPRFQIKRDEGDGIATYGRVHY-IYKEEISLKELDFKLRQYLIQNFDLYKKFPKDSKIKVIMKDGGYYTFELNKKLQTNRMSDVIDGRNIEKIEANI
antigen_2|Q2G0X4|SSL11	NZ_CP132371.1_frame=-2	27.500	54	196	6.331E-07	49	122	0.818	0.000	728649	728836	ELTKYYSQKYLTFSNSTLWQKDNGTIHATLLQFSWYSHIQVYGPESWGNINQLRNK---SVDIFGIKDQETIDSFALSQETFTGGVTPAATSND----KHYKLNVTYKDKAETFTGGFPVYEGNKPVLTLKELDFRIRQTLIKSKKLYNNSYNKGQIKITGTDNN-YTIDLSKRLPSTDANRYVKKPQNAKIEVIL
antigen_2|Q2G0X4|SSL11	NZ_CP132371.1_frame=-1	39.400	30	76	2.743E-06	47	45	0.338	0.000	728489	728563	YKGNKPVLTLKELDFRIRQTLIKNKKLYNGEFNKGQIKITA-DGNNYTIDLSKKLKLTDTNRYVKNPKNAQIEVIL
